genHour,generationPerHour,kpxGenid,reservedCapacity,tradeDay,lat,lon
1,0,AH01,3396.6,2025-01-10,35.7135442,129.4757779
9,627.701,AH01,3396.6,2025-01-10,35.7135442,129.4757779
11,2374.368,AH01,3396.6,2025-01-10,35.7135442,129.4757779
12,2696.656,AH01,3396.6,2025-01-10,35.7135442,129.4757779
13,2762.704,AH01,3396.6,2025-01-10,35.7135442,129.4757779
14,2563.595,AH01,3396.6,2025-01-10,35.7135442,129.4757779
15,2017.852,AH01,3396.6,2025-01-10,35.7135442,129.4757779
16,1235.636,AH01,3396.6,2025-01-10,35.7135442,129.4757779
17,327.832,AH01,3396.6,2025-01-10,35.7135442,129.4757779
18,8.919,AH01,3396.6,2025-01-10,35.7135442,129.4757779
19,0,AH01,3396.6,2025-01-10,35.7135442,129.4757779
2,0,AH01,3396.6,2025-01-10,35.7135442,129.4757779
20,0,AH01,3396.6,2025-01-10,35.7135442,129.4757779
21,0,AH01,3396.6,2025-01-10,35.7135442,129.4757779
22,0,AH01,3396.6,2025-01-10,35.7135442,129.4757779
23,0,AH01,3396.6,2025-01-10,35.7135442,129.4757779
24,0,AH01,3396.6,2025-01-10,35.7135442,129.4757779
3,0,AH01,3396.6,2025-01-10,35.7135442,129.4757779
4,0,AH01,3396.6,2025-01-10,35.7135442,129.4757779
5,0,AH01,3396.6,2025-01-10,35.7135442,129.4757779
6,0,AH01,3396.6,2025-01-10,35.7135442,129.4757779
7,0,AH01,3396.6,2025-01-10,35.7135442,129.4757779
8,19.766,AH01,3396.6,2025-01-10,35.7135442,129.4757779
10,1740.159,AH01,3396.6,2025-01-10,35.7135442,129.4757779
1,0,AJ85,986.31,2025-01-10,33.3457343,126.2870553
9,0,AJ85,986.31,2025-01-10,33.3457343,126.2870553
11,0.72,AJ85,986.31,2025-01-10,33.3457343,126.2870553
12,12.96,AJ85,986.31,2025-01-10,33.3457343,126.2870553
13,84.96,AJ85,986.31,2025-01-10,33.3457343,126.2870553
14,182.88,AJ85,986.31,2025-01-10,33.3457343,126.2870553
15,213.84,AJ85,986.31,2025-01-10,33.3457343,126.2870553
16,99.36,AJ85,986.31,2025-01-10,33.3457343,126.2870553
17,41.04,AJ85,986.31,2025-01-10,33.3457343,126.2870553
18,6.48,AJ85,986.31,2025-01-10,33.3457343,126.2870553
19,0,AJ85,986.31,2025-01-10,33.3457343,126.2870553
2,0,AJ85,986.31,2025-01-10,33.3457343,126.2870553
20,0,AJ85,986.31,2025-01-10,33.3457343,126.2870553
21,0,AJ85,986.31,2025-01-10,33.3457343,126.2870553
22,0,AJ85,986.31,2025-01-10,33.3457343,126.2870553
23,0,AJ85,986.31,2025-01-10,33.3457343,126.2870553
24,0,AJ85,986.31,2025-01-10,33.3457343,126.2870553
3,0,AJ85,986.31,2025-01-10,33.3457343,126.2870553
4,0,AJ85,986.31,2025-01-10,33.3457343,126.2870553
5,0,AJ85,986.31,2025-01-10,33.3457343,126.2870553
6,0,AJ85,986.31,2025-01-10,33.3457343,126.2870553
7,0,AJ85,986.31,2025-01-10,33.3457343,126.2870553
8,0,AJ85,986.31,2025-01-10,33.3457343,126.2870553
10,0,AJ85,986.31,2025-01-10,33.3457343,126.2870553
1,0,AK65,428.22,2025-01-10,33.36110809,126.2870227
9,0,AK65,428.22,2025-01-10,33.36110809,126.2870227
11,0.8,AK65,428.22,2025-01-10,33.36110809,126.2870227
12,2.8,AK65,428.22,2025-01-10,33.36110809,126.2870227
13,37,AK65,428.22,2025-01-10,33.36110809,126.2870227
14,77.8,AK65,428.22,2025-01-10,33.36110809,126.2870227
15,98.8,AK65,428.22,2025-01-10,33.36110809,126.2870227
16,45.4,AK65,428.22,2025-01-10,33.36110809,126.2870227
17,19.8,AK65,428.22,2025-01-10,33.36110809,126.2870227
18,2.8,AK65,428.22,2025-01-10,33.36110809,126.2870227
19,0,AK65,428.22,2025-01-10,33.36110809,126.2870227
2,0,AK65,428.22,2025-01-10,33.36110809,126.2870227
20,0,AK65,428.22,2025-01-10,33.36110809,126.2870227
21,0,AK65,428.22,2025-01-10,33.36110809,126.2870227
22,0,AK65,428.22,2025-01-10,33.36110809,126.2870227
23,0,AK65,428.22,2025-01-10,33.36110809,126.2870227
24,0,AK65,428.22,2025-01-10,33.36110809,126.2870227
3,0,AK65,428.22,2025-01-10,33.36110809,126.2870227
4,0,AK65,428.22,2025-01-10,33.36110809,126.2870227
5,0,AK65,428.22,2025-01-10,33.36110809,126.2870227
6,0,AK65,428.22,2025-01-10,33.36110809,126.2870227
7,0,AK65,428.22,2025-01-10,33.36110809,126.2870227
8,0,AK65,428.22,2025-01-10,33.36110809,126.2870227
10,0.2,AK65,428.22,2025-01-10,33.36110809,126.2870227
1,0,AM06,961.74,2025-01-10,33.4096075,126.80305229
9,5.04,AM06,961.74,2025-01-10,33.4096075,126.80305229
11,138.96,AM06,961.74,2025-01-10,33.4096075,126.80305229
12,306.72,AM06,961.74,2025-01-10,33.4096075,126.80305229
13,464.4,AM06,961.74,2025-01-10,33.4096075,126.80305229
14,515.52,AM06,961.74,2025-01-10,33.4096075,126.80305229
15,490.32,AM06,961.74,2025-01-10,33.4096075,126.80305229
16,241.92,AM06,961.74,2025-01-10,33.4096075,126.80305229
17,77.04,AM06,961.74,2025-01-10,33.4096075,126.80305229
18,0.72,AM06,961.74,2025-01-10,33.4096075,126.80305229
19,0,AM06,961.74,2025-01-10,33.4096075,126.80305229
2,0,AM06,961.74,2025-01-10,33.4096075,126.80305229
20,0,AM06,961.74,2025-01-10,33.4096075,126.80305229
21,0,AM06,961.74,2025-01-10,33.4096075,126.80305229
22,0,AM06,961.74,2025-01-10,33.4096075,126.80305229
23,0,AM06,961.74,2025-01-10,33.4096075,126.80305229
24,0,AM06,961.74,2025-01-10,33.4096075,126.80305229
3,0,AM06,961.74,2025-01-10,33.4096075,126.80305229
4,0,AM06,961.74,2025-01-10,33.4096075,126.80305229
5,0,AM06,961.74,2025-01-10,33.4096075,126.80305229
6,0,AM06,961.74,2025-01-10,33.4096075,126.80305229
7,0,AM06,961.74,2025-01-10,33.4096075,126.80305229
8,0,AM06,961.74,2025-01-10,33.4096075,126.80305229
10,66.24,AM06,961.74,2025-01-10,33.4096075,126.80305229
1,0,AM05,877.5,2025-01-10,33.4091956,126.80288359
9,0,AM05,877.5,2025-01-10,33.4091956,126.80288359
11,7.92,AM05,877.5,2025-01-10,33.4091956,126.80288359
12,64.08,AM05,877.5,2025-01-10,33.4091956,126.80288359
13,316.08,AM05,877.5,2025-01-10,33.4091956,126.80288359
14,515.52,AM05,877.5,2025-01-10,33.4091956,126.80288359
15,596.16,AM05,877.5,2025-01-10,33.4091956,126.80288359
16,339.84,AM05,877.5,2025-01-10,33.4091956,126.80288359
17,96.48,AM05,877.5,2025-01-10,33.4091956,126.80288359
18,0.72,AM05,877.5,2025-01-10,33.4091956,126.80288359
19,0,AM05,877.5,2025-01-10,33.4091956,126.80288359
2,0,AM05,877.5,2025-01-10,33.4091956,126.80288359
20,0,AM05,877.5,2025-01-10,33.4091956,126.80288359
21,0,AM05,877.5,2025-01-10,33.4091956,126.80288359
22,0,AM05,877.5,2025-01-10,33.4091956,126.80288359
23,0,AM05,877.5,2025-01-10,33.4091956,126.80288359
24,0,AM05,877.5,2025-01-10,33.4091956,126.80288359
3,0,AM05,877.5,2025-01-10,33.4091956,126.80288359
4,0,AM05,877.5,2025-01-10,33.4091956,126.80288359
5,0,AM05,877.5,2025-01-10,33.4091956,126.80288359
6,0,AM05,877.5,2025-01-10,33.4091956,126.80288359
7,0,AM05,877.5,2025-01-10,33.4091956,126.80288359
8,0,AM05,877.5,2025-01-10,33.4091956,126.80288359
10,2.16,AM05,877.5,2025-01-10,33.4091956,126.80288359
1,0,AM07,996.84,2025-01-10,33.5065892,126.81633509
9,28.8,AM07,996.84,2025-01-10,33.5065892,126.81633509
11,293.04,AM07,996.84,2025-01-10,33.5065892,126.81633509
12,641.52,AM07,996.84,2025-01-10,33.5065892,126.81633509
13,581.04,AM07,996.84,2025-01-10,33.5065892,126.81633509
14,479.52,AM07,996.84,2025-01-10,33.5065892,126.81633509
15,313.2,AM07,996.84,2025-01-10,33.5065892,126.81633509
16,72.72,AM07,996.84,2025-01-10,33.5065892,126.81633509
17,24.48,AM07,996.84,2025-01-10,33.5065892,126.81633509
18,0,AM07,996.84,2025-01-10,33.5065892,126.81633509
19,0,AM07,996.84,2025-01-10,33.5065892,126.81633509
2,0,AM07,996.84,2025-01-10,33.5065892,126.81633509
20,0,AM07,996.84,2025-01-10,33.5065892,126.81633509
21,0,AM07,996.84,2025-01-10,33.5065892,126.81633509
22,0,AM07,996.84,2025-01-10,33.5065892,126.81633509
23,0,AM07,996.84,2025-01-10,33.5065892,126.81633509
24,0,AM07,996.84,2025-01-10,33.5065892,126.81633509
3,0,AM07,996.84,2025-01-10,33.5065892,126.81633509
4,0,AM07,996.84,2025-01-10,33.5065892,126.81633509
5,0,AM07,996.84,2025-01-10,33.5065892,126.81633509
6,0,AM07,996.84,2025-01-10,33.5065892,126.81633509
7,0,AM07,996.84,2025-01-10,33.5065892,126.81633509
8,0,AM07,996.84,2025-01-10,33.5065892,126.81633509
10,74.88,AM07,996.84,2025-01-10,33.5065892,126.81633509
1,0,AA41,918,2025-01-10,33.36680921963808,126.77113
9,0,AA41,918,2025-01-10,33.36680921963808,126.77113
11,0,AA41,918,2025-01-10,33.36680921963808,126.77113
12,46.08,AA41,918,2025-01-10,33.36680921963808,126.77113
13,208.08,AA41,918,2025-01-10,33.36680921963808,126.77113
14,118.08,AA41,918,2025-01-10,33.36680921963808,126.77113
15,447.84,AA41,918,2025-01-10,33.36680921963808,126.77113
16,234,AA41,918,2025-01-10,33.36680921963808,126.77113
17,53.28,AA41,918,2025-01-10,33.36680921963808,126.77113
18,5.76,AA41,918,2025-01-10,33.36680921963808,126.77113
19,0,AA41,918,2025-01-10,33.36680921963808,126.77113
2,0,AA41,918,2025-01-10,33.36680921963808,126.77113
20,0,AA41,918,2025-01-10,33.36680921963808,126.77113
21,0,AA41,918,2025-01-10,33.36680921963808,126.77113
22,0,AA41,918,2025-01-10,33.36680921963808,126.77113
23,0,AA41,918,2025-01-10,33.36680921963808,126.77113
24,0,AA41,918,2025-01-10,33.36680921963808,126.77113
3,0,AA41,918,2025-01-10,33.36680921963808,126.77113
4,0,AA41,918,2025-01-10,33.36680921963808,126.77113
5,0,AA41,918,2025-01-10,33.36680921963808,126.77113
6,0,AA41,918,2025-01-10,33.36680921963808,126.77113
7,0,AA41,918,2025-01-10,33.36680921963808,126.77113
8,0,AA41,918,2025-01-10,33.36680921963808,126.77113
10,0,AA41,918,2025-01-10,33.36680921963808,126.77113
1,0,AA39,695.25,2025-01-10,33.505639,126.819182
9,14.4,AA39,695.25,2025-01-10,33.505639,126.819182
11,119.04,AA39,695.25,2025-01-10,33.505639,126.819182
12,218.4,AA39,695.25,2025-01-10,33.505639,126.819182
13,221.28,AA39,695.25,2025-01-10,33.505639,126.819182
14,188.16,AA39,695.25,2025-01-10,33.505639,126.819182
15,125.76,AA39,695.25,2025-01-10,33.505639,126.819182
16,31.68,AA39,695.25,2025-01-10,33.505639,126.819182
17,10.56,AA39,695.25,2025-01-10,33.505639,126.819182
18,0,AA39,695.25,2025-01-10,33.505639,126.819182
19,0,AA39,695.25,2025-01-10,33.505639,126.819182
2,0,AA39,695.25,2025-01-10,33.505639,126.819182
20,0,AA39,695.25,2025-01-10,33.505639,126.819182
21,0,AA39,695.25,2025-01-10,33.505639,126.819182
22,0,AA39,695.25,2025-01-10,33.505639,126.819182
23,0,AA39,695.25,2025-01-10,33.505639,126.819182
24,0,AA39,695.25,2025-01-10,33.505639,126.819182
3,0,AA39,695.25,2025-01-10,33.505639,126.819182
4,0,AA39,695.25,2025-01-10,33.505639,126.819182
5,0,AA39,695.25,2025-01-10,33.505639,126.819182
6,0,AA39,695.25,2025-01-10,33.505639,126.819182
7,0,AA39,695.25,2025-01-10,33.505639,126.819182
8,0,AA39,695.25,2025-01-10,33.505639,126.819182
10,36.96,AA39,695.25,2025-01-10,33.505639,126.819182
1,0,AF19,723.06,2025-01-10,33.3810434,126.6914632
9,0,AF19,723.06,2025-01-10,33.3810434,126.6914632
11,0,AF19,723.06,2025-01-10,33.3810434,126.6914632
12,76.32,AF19,723.06,2025-01-10,33.3810434,126.6914632
13,182.88,AF19,723.06,2025-01-10,33.3810434,126.6914632
14,92.16,AF19,723.06,2025-01-10,33.3810434,126.6914632
15,276.48,AF19,723.06,2025-01-10,33.3810434,126.6914632
16,111.6,AF19,723.06,2025-01-10,33.3810434,126.6914632
17,41.76,AF19,723.06,2025-01-10,33.3810434,126.6914632
18,4.32,AF19,723.06,2025-01-10,33.3810434,126.6914632
19,0,AF19,723.06,2025-01-10,33.3810434,126.6914632
2,0,AF19,723.06,2025-01-10,33.3810434,126.6914632
20,0,AF19,723.06,2025-01-10,33.3810434,126.6914632
21,0,AF19,723.06,2025-01-10,33.3810434,126.6914632
22,0,AF19,723.06,2025-01-10,33.3810434,126.6914632
23,0,AF19,723.06,2025-01-10,33.3810434,126.6914632
24,0,AF19,723.06,2025-01-10,33.3810434,126.6914632
3,0,AF19,723.06,2025-01-10,33.3810434,126.6914632
4,0,AF19,723.06,2025-01-10,33.3810434,126.6914632
5,0,AF19,723.06,2025-01-10,33.3810434,126.6914632
6,0,AF19,723.06,2025-01-10,33.3810434,126.6914632
7,0,AF19,723.06,2025-01-10,33.3810434,126.6914632
8,0,AF19,723.06,2025-01-10,33.3810434,126.6914632
10,0.72,AF19,723.06,2025-01-10,33.3810434,126.6914632
1,0,AF20,894.27,2025-01-10,33.340259,126.689682
9,0,AF20,894.27,2025-01-10,33.340259,126.689682
11,0,AF20,894.27,2025-01-10,33.340259,126.689682
12,0,AF20,894.27,2025-01-10,33.340259,126.689682
13,0,AF20,894.27,2025-01-10,33.340259,126.689682
14,1.44,AF20,894.27,2025-01-10,33.340259,126.689682
15,27.36,AF20,894.27,2025-01-10,33.340259,126.689682
16,39.6,AF20,894.27,2025-01-10,33.340259,126.689682
17,23.76,AF20,894.27,2025-01-10,33.340259,126.689682
18,2.88,AF20,894.27,2025-01-10,33.340259,126.689682
19,0,AF20,894.27,2025-01-10,33.340259,126.689682
2,0,AF20,894.27,2025-01-10,33.340259,126.689682
20,0,AF20,894.27,2025-01-10,33.340259,126.689682
21,0,AF20,894.27,2025-01-10,33.340259,126.689682
22,0,AF20,894.27,2025-01-10,33.340259,126.689682
23,0,AF20,894.27,2025-01-10,33.340259,126.689682
24,0,AF20,894.27,2025-01-10,33.340259,126.689682
3,0,AF20,894.27,2025-01-10,33.340259,126.689682
4,0,AF20,894.27,2025-01-10,33.340259,126.689682
5,0,AF20,894.27,2025-01-10,33.340259,126.689682
6,0,AF20,894.27,2025-01-10,33.340259,126.689682
7,0,AF20,894.27,2025-01-10,33.340259,126.689682
8,0,AF20,894.27,2025-01-10,33.340259,126.689682
10,0,AF20,894.27,2025-01-10,33.340259,126.689682
1,0,A942,553.5,2025-01-10,33.462491,126.585008
9,0,A942,553.5,2025-01-10,33.462491,126.585008
11,2.41,A942,553.5,2025-01-10,33.462491,126.585008
12,15.428,A942,553.5,2025-01-10,33.462491,126.585008
13,25.552,A942,553.5,2025-01-10,33.462491,126.585008
14,20.249,A942,553.5,2025-01-10,33.462491,126.585008
15,24.105,A942,553.5,2025-01-10,33.462491,126.585008
16,8.678,A942,553.5,2025-01-10,33.462491,126.585008
17,3.856,A942,553.5,2025-01-10,33.462491,126.585008
18,0,A942,553.5,2025-01-10,33.462491,126.585008
19,0,A942,553.5,2025-01-10,33.462491,126.585008
2,0,A942,553.5,2025-01-10,33.462491,126.585008
20,0,A942,553.5,2025-01-10,33.462491,126.585008
21,0,A942,553.5,2025-01-10,33.462491,126.585008
22,0,A942,553.5,2025-01-10,33.462491,126.585008
23,0,A942,553.5,2025-01-10,33.462491,126.585008
24,0,A942,553.5,2025-01-10,33.462491,126.585008
3,0,A942,553.5,2025-01-10,33.462491,126.585008
4,0,A942,553.5,2025-01-10,33.462491,126.585008
5,0,A942,553.5,2025-01-10,33.462491,126.585008
6,0,A942,553.5,2025-01-10,33.462491,126.585008
7,0,A942,553.5,2025-01-10,33.462491,126.585008
8,0,A942,553.5,2025-01-10,33.462491,126.585008
10,1.446,A942,553.5,2025-01-10,33.462491,126.585008
1,0,A943,803.25,2025-01-10,33.272864,126.253309
9,0,A943,803.25,2025-01-10,33.272864,126.253309
11,95.04,A943,803.25,2025-01-10,33.272864,126.253309
12,79.92,A943,803.25,2025-01-10,33.272864,126.253309
13,198,A943,803.25,2025-01-10,33.272864,126.253309
14,252,A943,803.25,2025-01-10,33.272864,126.253309
15,97.2,A943,803.25,2025-01-10,33.272864,126.253309
16,36.72,A943,803.25,2025-01-10,33.272864,126.253309
17,34.56,A943,803.25,2025-01-10,33.272864,126.253309
18,3.6,A943,803.25,2025-01-10,33.272864,126.253309
19,0,A943,803.25,2025-01-10,33.272864,126.253309
2,0,A943,803.25,2025-01-10,33.272864,126.253309
20,0,A943,803.25,2025-01-10,33.272864,126.253309
21,0,A943,803.25,2025-01-10,33.272864,126.253309
22,0,A943,803.25,2025-01-10,33.272864,126.253309
23,0,A943,803.25,2025-01-10,33.272864,126.253309
24,0,A943,803.25,2025-01-10,33.272864,126.253309
3,0,A943,803.25,2025-01-10,33.272864,126.253309
4,0,A943,803.25,2025-01-10,33.272864,126.253309
5,0,A943,803.25,2025-01-10,33.272864,126.253309
6,0,A943,803.25,2025-01-10,33.272864,126.253309
7,0,A943,803.25,2025-01-10,33.272864,126.253309
8,0,A943,803.25,2025-01-10,33.272864,126.253309
10,1.44,A943,803.25,2025-01-10,33.272864,126.253309
1,0,AF17,749.19,2025-01-10,33.38548380238,126.338615819
9,0,AF17,749.19,2025-01-10,33.38548380238,126.338615819
11,0.72,AF17,749.19,2025-01-10,33.38548380238,126.338615819
12,0.72,AF17,749.19,2025-01-10,33.38548380238,126.338615819
13,0.72,AF17,749.19,2025-01-10,33.38548380238,126.338615819
14,25.2,AF17,749.19,2025-01-10,33.38548380238,126.338615819
15,81.36,AF17,749.19,2025-01-10,33.38548380238,126.338615819
16,35.28,AF17,749.19,2025-01-10,33.38548380238,126.338615819
17,18.72,AF17,749.19,2025-01-10,33.38548380238,126.338615819
18,0.72,AF17,749.19,2025-01-10,33.38548380238,126.338615819
19,0,AF17,749.19,2025-01-10,33.38548380238,126.338615819
2,0,AF17,749.19,2025-01-10,33.38548380238,126.338615819
20,0,AF17,749.19,2025-01-10,33.38548380238,126.338615819
21,0,AF17,749.19,2025-01-10,33.38548380238,126.338615819
22,0,AF17,749.19,2025-01-10,33.38548380238,126.338615819
23,0,AF17,749.19,2025-01-10,33.38548380238,126.338615819
24,0,AF17,749.19,2025-01-10,33.38548380238,126.338615819
3,0,AF17,749.19,2025-01-10,33.38548380238,126.338615819
4,0,AF17,749.19,2025-01-10,33.38548380238,126.338615819
5,0,AF17,749.19,2025-01-10,33.38548380238,126.338615819
6,0,AF17,749.19,2025-01-10,33.38548380238,126.338615819
7,0,AF17,749.19,2025-01-10,33.38548380238,126.338615819
8,0,AF17,749.19,2025-01-10,33.38548380238,126.338615819
10,0,AF17,749.19,2025-01-10,33.38548380238,126.338615819
1,0,AF18,538.98,2025-01-10,33.3668803,126.76875699
9,0,AF18,538.98,2025-01-10,33.3668803,126.76875699
11,2.88,AF18,538.98,2025-01-10,33.3668803,126.76875699
12,71.52,AF18,538.98,2025-01-10,33.3668803,126.76875699
13,135.36,AF18,538.98,2025-01-10,33.3668803,126.76875699
14,70.08,AF18,538.98,2025-01-10,33.3668803,126.76875699
15,281.76,AF18,538.98,2025-01-10,33.3668803,126.76875699
16,170.88,AF18,538.98,2025-01-10,33.3668803,126.76875699
17,32.16,AF18,538.98,2025-01-10,33.3668803,126.76875699
18,3.84,AF18,538.98,2025-01-10,33.3668803,126.76875699
19,0,AF18,538.98,2025-01-10,33.3668803,126.76875699
2,0,AF18,538.98,2025-01-10,33.3668803,126.76875699
20,0,AF18,538.98,2025-01-10,33.3668803,126.76875699
21,0,AF18,538.98,2025-01-10,33.3668803,126.76875699
22,0,AF18,538.98,2025-01-10,33.3668803,126.76875699
23,0,AF18,538.98,2025-01-10,33.3668803,126.76875699
24,0,AF18,538.98,2025-01-10,33.3668803,126.76875699
3,0,AF18,538.98,2025-01-10,33.3668803,126.76875699
4,0,AF18,538.98,2025-01-10,33.3668803,126.76875699
5,0,AF18,538.98,2025-01-10,33.3668803,126.76875699
6,0,AF18,538.98,2025-01-10,33.3668803,126.76875699
7,0,AF18,538.98,2025-01-10,33.3668803,126.76875699
8,0,AF18,538.98,2025-01-10,33.3668803,126.76875699
10,2.4,AF18,538.98,2025-01-10,33.3668803,126.76875699
1,0,AF16,649.74,2025-01-10,33.4119129001,126.3065936846
20,0,AF16,649.74,2025-01-10,33.4119129001,126.3065936846
11,2.88,AF16,649.74,2025-01-10,33.4119129001,126.3065936846
12,9.6,AF16,649.74,2025-01-10,33.4119129001,126.3065936846
13,36,AF16,649.74,2025-01-10,33.4119129001,126.3065936846
14,59.04,AF16,649.74,2025-01-10,33.4119129001,126.3065936846
15,111.36,AF16,649.74,2025-01-10,33.4119129001,126.3065936846
16,43.2,AF16,649.74,2025-01-10,33.4119129001,126.3065936846
17,23.04,AF16,649.74,2025-01-10,33.4119129001,126.3065936846
18,0.48,AF16,649.74,2025-01-10,33.4119129001,126.3065936846
19,0,AF16,649.74,2025-01-10,33.4119129001,126.3065936846
2,0,AF16,649.74,2025-01-10,33.4119129001,126.3065936846
21,0,AF16,649.74,2025-01-10,33.4119129001,126.3065936846
22,0,AF16,649.74,2025-01-10,33.4119129001,126.3065936846
23,0,AF16,649.74,2025-01-10,33.4119129001,126.3065936846
24,0,AF16,649.74,2025-01-10,33.4119129001,126.3065936846
3,0,AF16,649.74,2025-01-10,33.4119129001,126.3065936846
4,0,AF16,649.74,2025-01-10,33.4119129001,126.3065936846
5,0,AF16,649.74,2025-01-10,33.4119129001,126.3065936846
6,0,AF16,649.74,2025-01-10,33.4119129001,126.3065936846
7,0,AF16,649.74,2025-01-10,33.4119129001,126.3065936846
8,0,AF16,649.74,2025-01-10,33.4119129001,126.3065936846
9,0,AF16,649.74,2025-01-10,33.4119129001,126.3065936846
10,0.48,AF16,649.74,2025-01-10,33.4119129001,126.3065936846
1,0,AA38,999,2025-01-10,33.341202,126.69891
9,0,AA38,999,2025-01-10,33.341202,126.69891
11,0,AA38,999,2025-01-10,33.341202,126.69891
12,0,AA38,999,2025-01-10,33.341202,126.69891
13,0,AA38,999,2025-01-10,33.341202,126.69891
14,0,AA38,999,2025-01-10,33.341202,126.69891
15,15.12,AA38,999,2025-01-10,33.341202,126.69891
16,39.6,AA38,999,2025-01-10,33.341202,126.69891
17,18,AA38,999,2025-01-10,33.341202,126.69891
18,2.16,AA38,999,2025-01-10,33.341202,126.69891
19,0,AA38,999,2025-01-10,33.341202,126.69891
2,0,AA38,999,2025-01-10,33.341202,126.69891
20,0,AA38,999,2025-01-10,33.341202,126.69891
21,0,AA38,999,2025-01-10,33.341202,126.69891
22,0,AA38,999,2025-01-10,33.341202,126.69891
23,0,AA38,999,2025-01-10,33.341202,126.69891
24,0,AA38,999,2025-01-10,33.341202,126.69891
3,0,AA38,999,2025-01-10,33.341202,126.69891
4,0,AA38,999,2025-01-10,33.341202,126.69891
5,0,AA38,999,2025-01-10,33.341202,126.69891
6,0,AA38,999,2025-01-10,33.341202,126.69891
7,0,AA38,999,2025-01-10,33.341202,126.69891
8,0,AA38,999,2025-01-10,33.341202,126.69891
10,0,AA38,999,2025-01-10,33.341202,126.69891
1,0,AF14,659.1,2025-01-10,33.4121618,126.3075306346
9,0,AF14,659.1,2025-01-10,33.4121618,126.3075306346
11,2.4,AF14,659.1,2025-01-10,33.4121618,126.3075306346
12,9.6,AF14,659.1,2025-01-10,33.4121618,126.3075306346
13,35.04,AF14,659.1,2025-01-10,33.4121618,126.3075306346
14,57.6,AF14,659.1,2025-01-10,33.4121618,126.3075306346
15,111.84,AF14,659.1,2025-01-10,33.4121618,126.3075306346
16,42.72,AF14,659.1,2025-01-10,33.4121618,126.3075306346
17,23.52,AF14,659.1,2025-01-10,33.4121618,126.3075306346
18,0.48,AF14,659.1,2025-01-10,33.4121618,126.3075306346
19,0,AF14,659.1,2025-01-10,33.4121618,126.3075306346
2,0,AF14,659.1,2025-01-10,33.4121618,126.3075306346
20,0,AF14,659.1,2025-01-10,33.4121618,126.3075306346
21,0,AF14,659.1,2025-01-10,33.4121618,126.3075306346
22,0,AF14,659.1,2025-01-10,33.4121618,126.3075306346
23,0,AF14,659.1,2025-01-10,33.4121618,126.3075306346
24,0,AF14,659.1,2025-01-10,33.4121618,126.3075306346
3,0,AF14,659.1,2025-01-10,33.4121618,126.3075306346
4,0,AF14,659.1,2025-01-10,33.4121618,126.3075306346
5,0,AF14,659.1,2025-01-10,33.4121618,126.3075306346
6,0,AF14,659.1,2025-01-10,33.4121618,126.3075306346
7,0,AF14,659.1,2025-01-10,33.4121618,126.3075306346
8,0,AF14,659.1,2025-01-10,33.4121618,126.3075306346
10,0.48,AF14,659.1,2025-01-10,33.4121618,126.3075306346
1,0,AA40,938.25,2025-01-10,33.340259,126.689682
9,0,AA40,938.25,2025-01-10,33.340259,126.689682
11,0,AA40,938.25,2025-01-10,33.340259,126.689682
12,0,AA40,938.25,2025-01-10,33.340259,126.689682
13,0,AA40,938.25,2025-01-10,33.340259,126.689682
14,1.44,AA40,938.25,2025-01-10,33.340259,126.689682
15,20.16,AA40,938.25,2025-01-10,33.340259,126.689682
16,33.12,AA40,938.25,2025-01-10,33.340259,126.689682
17,18,AA40,938.25,2025-01-10,33.340259,126.689682
18,1.44,AA40,938.25,2025-01-10,33.340259,126.689682
19,0,AA40,938.25,2025-01-10,33.340259,126.689682
2,0,AA40,938.25,2025-01-10,33.340259,126.689682
20,0,AA40,938.25,2025-01-10,33.340259,126.689682
21,0,AA40,938.25,2025-01-10,33.340259,126.689682
22,0,AA40,938.25,2025-01-10,33.340259,126.689682
23,0,AA40,938.25,2025-01-10,33.340259,126.689682
24,0,AA40,938.25,2025-01-10,33.340259,126.689682
3,0,AA40,938.25,2025-01-10,33.340259,126.689682
4,0,AA40,938.25,2025-01-10,33.340259,126.689682
5,0,AA40,938.25,2025-01-10,33.340259,126.689682
6,0,AA40,938.25,2025-01-10,33.340259,126.689682
7,0,AA40,938.25,2025-01-10,33.340259,126.689682
8,0,AA40,938.25,2025-01-10,33.340259,126.689682
10,0,AA40,938.25,2025-01-10,33.340259,126.689682
1,0,AF15,709.02,2025-01-10,33.340259,126.689682
9,0,AF15,709.02,2025-01-10,33.340259,126.689682
11,0,AF15,709.02,2025-01-10,33.340259,126.689682
12,0,AF15,709.02,2025-01-10,33.340259,126.689682
13,0,AF15,709.02,2025-01-10,33.340259,126.689682
14,0.96,AF15,709.02,2025-01-10,33.340259,126.689682
15,13.92,AF15,709.02,2025-01-10,33.340259,126.689682
16,30.24,AF15,709.02,2025-01-10,33.340259,126.689682
17,20.16,AF15,709.02,2025-01-10,33.340259,126.689682
18,2.4,AF15,709.02,2025-01-10,33.340259,126.689682
19,0,AF15,709.02,2025-01-10,33.340259,126.689682
2,0,AF15,709.02,2025-01-10,33.340259,126.689682
20,0,AF15,709.02,2025-01-10,33.340259,126.689682
21,0,AF15,709.02,2025-01-10,33.340259,126.689682
22,0,AF15,709.02,2025-01-10,33.340259,126.689682
23,0,AF15,709.02,2025-01-10,33.340259,126.689682
24,0,AF15,709.02,2025-01-10,33.340259,126.689682
3,0,AF15,709.02,2025-01-10,33.340259,126.689682
4,0,AF15,709.02,2025-01-10,33.340259,126.689682
5,0,AF15,709.02,2025-01-10,33.340259,126.689682
6,0,AF15,709.02,2025-01-10,33.340259,126.689682
7,0,AF15,709.02,2025-01-10,33.340259,126.689682
8,0,AF15,709.02,2025-01-10,33.340259,126.689682
10,0,AF15,709.02,2025-01-10,33.340259,126.689682
1,0,BW88,907.2,2025-01-10,35.3419861025,128.4675807281
9,77.76,BW88,907.2,2025-01-10,35.3419861025,128.4675807281
11,432,BW88,907.2,2025-01-10,35.3419861025,128.4675807281
12,527.04,BW88,907.2,2025-01-10,35.3419861025,128.4675807281
13,547.2,BW88,907.2,2025-01-10,35.3419861025,128.4675807281
14,511.92,BW88,907.2,2025-01-10,35.3419861025,128.4675807281
15,414.72,BW88,907.2,2025-01-10,35.3419861025,128.4675807281
16,267.84,BW88,907.2,2025-01-10,35.3419861025,128.4675807281
17,104.4,BW88,907.2,2025-01-10,35.3419861025,128.4675807281
18,6.48,BW88,907.2,2025-01-10,35.3419861025,128.4675807281
19,0,BW88,907.2,2025-01-10,35.3419861025,128.4675807281
2,0,BW88,907.2,2025-01-10,35.3419861025,128.4675807281
20,0,BW88,907.2,2025-01-10,35.3419861025,128.4675807281
21,0,BW88,907.2,2025-01-10,35.3419861025,128.4675807281
22,0,BW88,907.2,2025-01-10,35.3419861025,128.4675807281
23,0,BW88,907.2,2025-01-10,35.3419861025,128.4675807281
24,0,BW88,907.2,2025-01-10,35.3419861025,128.4675807281
3,0,BW88,907.2,2025-01-10,35.3419861025,128.4675807281
4,0,BW88,907.2,2025-01-10,35.3419861025,128.4675807281
5,0,BW88,907.2,2025-01-10,35.3419861025,128.4675807281
6,0,BW88,907.2,2025-01-10,35.3419861025,128.4675807281
7,0,BW88,907.2,2025-01-10,35.3419861025,128.4675807281
8,1.44,BW88,907.2,2025-01-10,35.3419861025,128.4675807281
10,253.44,BW88,907.2,2025-01-10,35.3419861025,128.4675807281
1,0,ABFB,998.4,2025-01-10,36.06881,129.26325
9,65.52,ABFB,998.4,2025-01-10,36.06881,129.26325
11,457.2,ABFB,998.4,2025-01-10,36.06881,129.26325
12,579.6,ABFB,998.4,2025-01-10,36.06881,129.26325
13,637.2,ABFB,998.4,2025-01-10,36.06881,129.26325
14,629.28,ABFB,998.4,2025-01-10,36.06881,129.26325
15,553.68,ABFB,998.4,2025-01-10,36.06881,129.26325
16,416.16,ABFB,998.4,2025-01-10,36.06881,129.26325
17,168.48,ABFB,998.4,2025-01-10,36.06881,129.26325
18,10.08,ABFB,998.4,2025-01-10,36.06881,129.26325
19,0,ABFB,998.4,2025-01-10,36.06881,129.26325
2,0,ABFB,998.4,2025-01-10,36.06881,129.26325
20,0,ABFB,998.4,2025-01-10,36.06881,129.26325
21,0,ABFB,998.4,2025-01-10,36.06881,129.26325
22,0,ABFB,998.4,2025-01-10,36.06881,129.26325
23,0,ABFB,998.4,2025-01-10,36.06881,129.26325
24,0,ABFB,998.4,2025-01-10,36.06881,129.26325
3,0,ABFB,998.4,2025-01-10,36.06881,129.26325
4,0,ABFB,998.4,2025-01-10,36.06881,129.26325
5,0,ABFB,998.4,2025-01-10,36.06881,129.26325
6,0,ABFB,998.4,2025-01-10,36.06881,129.26325
7,0,ABFB,998.4,2025-01-10,36.06881,129.26325
8,0.72,ABFB,998.4,2025-01-10,36.06881,129.26325
10,267.84,ABFB,998.4,2025-01-10,36.06881,129.26325
1,0,ABFC,982.8,2025-01-10,35.946123861,129.27027441
9,39.6,ABFC,982.8,2025-01-10,35.946123861,129.27027441
11,328.32,ABFC,982.8,2025-01-10,35.946123861,129.27027441
12,412.56,ABFC,982.8,2025-01-10,35.946123861,129.27027441
13,462.24,ABFC,982.8,2025-01-10,35.946123861,129.27027441
14,424.08,ABFC,982.8,2025-01-10,35.946123861,129.27027441
15,329.04,ABFC,982.8,2025-01-10,35.946123861,129.27027441
16,214.56,ABFC,982.8,2025-01-10,35.946123861,129.27027441
17,62.64,ABFC,982.8,2025-01-10,35.946123861,129.27027441
18,0.72,ABFC,982.8,2025-01-10,35.946123861,129.27027441
19,0,ABFC,982.8,2025-01-10,35.946123861,129.27027441
2,0,ABFC,982.8,2025-01-10,35.946123861,129.27027441
20,0,ABFC,982.8,2025-01-10,35.946123861,129.27027441
21,0,ABFC,982.8,2025-01-10,35.946123861,129.27027441
22,0,ABFC,982.8,2025-01-10,35.946123861,129.27027441
23,0,ABFC,982.8,2025-01-10,35.946123861,129.27027441
24,0,ABFC,982.8,2025-01-10,35.946123861,129.27027441
3,0,ABFC,982.8,2025-01-10,35.946123861,129.27027441
4,0,ABFC,982.8,2025-01-10,35.946123861,129.27027441
5,0,ABFC,982.8,2025-01-10,35.946123861,129.27027441
6,0,ABFC,982.8,2025-01-10,35.946123861,129.27027441
7,0,ABFC,982.8,2025-01-10,35.946123861,129.27027441
8,0,ABFC,982.8,2025-01-10,35.946123861,129.27027441
10,200.16,ABFC,982.8,2025-01-10,35.946123861,129.27027441
1,0,1747,629,2025-01-10,36.75268,128.42667
9,35.28,1747,629,2025-01-10,36.75268,128.42667
11,471.6,1747,629,2025-01-10,36.75268,128.42667
12,524.16,1747,629,2025-01-10,36.75268,128.42667
13,529.2,1747,629,2025-01-10,36.75268,128.42667
14,494.64,1747,629,2025-01-10,36.75268,128.42667
15,421.2,1747,629,2025-01-10,36.75268,128.42667
16,281.52,1747,629,2025-01-10,36.75268,128.42667
17,48.24,1747,629,2025-01-10,36.75268,128.42667
18,0,1747,629,2025-01-10,36.75268,128.42667
19,0,1747,629,2025-01-10,36.75268,128.42667
2,0,1747,629,2025-01-10,36.75268,128.42667
20,0,1747,629,2025-01-10,36.75268,128.42667
21,0,1747,629,2025-01-10,36.75268,128.42667
22,0,1747,629,2025-01-10,36.75268,128.42667
23,0,1747,629,2025-01-10,36.75268,128.42667
24,0,1747,629,2025-01-10,36.75268,128.42667
3,0,1747,629,2025-01-10,36.75268,128.42667
4,0,1747,629,2025-01-10,36.75268,128.42667
5,0,1747,629,2025-01-10,36.75268,128.42667
6,0,1747,629,2025-01-10,36.75268,128.42667
7,0,1747,629,2025-01-10,36.75268,128.42667
8,2.16,1747,629,2025-01-10,36.75268,128.42667
10,352.8,1747,629,2025-01-10,36.75268,128.42667
1,0,A149,538.74,2025-01-10,35.4136,128.87875
9,30.288,A149,538.74,2025-01-10,35.4136,128.87875
11,302.736,A149,538.74,2025-01-10,35.4136,128.87875
12,370.272,A149,538.74,2025-01-10,35.4136,128.87875
13,389.28,A149,538.74,2025-01-10,35.4136,128.87875
14,373.296,A149,538.74,2025-01-10,35.4136,128.87875
15,317.76,A149,538.74,2025-01-10,35.4136,128.87875
16,222.384,A149,538.74,2025-01-10,35.4136,128.87875
17,75.744,A149,538.74,2025-01-10,35.4136,128.87875
18,2.064,A149,538.74,2025-01-10,35.4136,128.87875
19,0,A149,538.74,2025-01-10,35.4136,128.87875
2,0,A149,538.74,2025-01-10,35.4136,128.87875
20,0,A149,538.74,2025-01-10,35.4136,128.87875
21,0,A149,538.74,2025-01-10,35.4136,128.87875
22,0,A149,538.74,2025-01-10,35.4136,128.87875
23,0,A149,538.74,2025-01-10,35.4136,128.87875
24,0,A149,538.74,2025-01-10,35.4136,128.87875
3,0,A149,538.74,2025-01-10,35.4136,128.87875
4,0,A149,538.74,2025-01-10,35.4136,128.87875
5,0,A149,538.74,2025-01-10,35.4136,128.87875
6,0,A149,538.74,2025-01-10,35.4136,128.87875
7,0,A149,538.74,2025-01-10,35.4136,128.87875
8,0,A149,538.74,2025-01-10,35.4136,128.87875
10,167.376,A149,538.74,2025-01-10,35.4136,128.87875
1,0,7696,2233.8,2025-01-10,35.4136,128.87875
9,126.36,7696,2233.8,2025-01-10,35.4136,128.87875
11,1259.1,7696,2233.8,2025-01-10,35.4136,128.87875
12,1524.78,7696,2233.8,2025-01-10,35.4136,128.87875
13,1620.9,7696,2233.8,2025-01-10,35.4136,128.87875
14,1568.16,7696,2233.8,2025-01-10,35.4136,128.87875
15,1356.12,7696,2233.8,2025-01-10,35.4136,128.87875
16,940.86,7696,2233.8,2025-01-10,35.4136,128.87875
17,244.98,7696,2233.8,2025-01-10,35.4136,128.87875
18,1.8,7696,2233.8,2025-01-10,35.4136,128.87875
19,0,7696,2233.8,2025-01-10,35.4136,128.87875
2,0,7696,2233.8,2025-01-10,35.4136,128.87875
20,0,7696,2233.8,2025-01-10,35.4136,128.87875
21,0,7696,2233.8,2025-01-10,35.4136,128.87875
22,0,7696,2233.8,2025-01-10,35.4136,128.87875
23,0,7696,2233.8,2025-01-10,35.4136,128.87875
24,0,7696,2233.8,2025-01-10,35.4136,128.87875
3,0,7696,2233.8,2025-01-10,35.4136,128.87875
4,0,7696,2233.8,2025-01-10,35.4136,128.87875
5,0,7696,2233.8,2025-01-10,35.4136,128.87875
6,0,7696,2233.8,2025-01-10,35.4136,128.87875
7,0,7696,2233.8,2025-01-10,35.4136,128.87875
8,0,7696,2233.8,2025-01-10,35.4136,128.87875
10,733.14,7696,2233.8,2025-01-10,35.4136,128.87875
1,0,AS22,1296.36,2025-01-10,35.794655,129.390695
9,47.246,AS22,1296.36,2025-01-10,35.794655,129.390695
11,423.288,AS22,1296.36,2025-01-10,35.794655,129.390695
12,560.206,AS22,1296.36,2025-01-10,35.794655,129.390695
13,592.025,AS22,1296.36,2025-01-10,35.794655,129.390695
14,555.385,AS22,1296.36,2025-01-10,35.794655,129.390695
15,441.608,AS22,1296.36,2025-01-10,35.794655,129.390695
16,269.015,AS22,1296.36,2025-01-10,35.794655,129.390695
17,82.922,AS22,1296.36,2025-01-10,35.794655,129.390695
18,1.928,AS22,1296.36,2025-01-10,35.794655,129.390695
19,0,AS22,1296.36,2025-01-10,35.794655,129.390695
2,0,AS22,1296.36,2025-01-10,35.794655,129.390695
20,0,AS22,1296.36,2025-01-10,35.794655,129.390695
21,0,AS22,1296.36,2025-01-10,35.794655,129.390695
22,0,AS22,1296.36,2025-01-10,35.794655,129.390695
23,0,AS22,1296.36,2025-01-10,35.794655,129.390695
24,0,AS22,1296.36,2025-01-10,35.794655,129.390695
3,0,AS22,1296.36,2025-01-10,35.794655,129.390695
4,0,AS22,1296.36,2025-01-10,35.794655,129.390695
5,0,AS22,1296.36,2025-01-10,35.794655,129.390695
6,0,AS22,1296.36,2025-01-10,35.794655,129.390695
7,0,AS22,1296.36,2025-01-10,35.794655,129.390695
8,0.964,AS22,1296.36,2025-01-10,35.794655,129.390695
10,206.341,AS22,1296.36,2025-01-10,35.794655,129.390695
1,0,6515,998.64,2025-01-10,34.78399,127.15371
9,72,6515,998.64,2025-01-10,34.78399,127.15371
11,92.88,6515,998.64,2025-01-10,34.78399,127.15371
12,82.8,6515,998.64,2025-01-10,34.78399,127.15371
13,92.88,6515,998.64,2025-01-10,34.78399,127.15371
14,92.88,6515,998.64,2025-01-10,34.78399,127.15371
15,89.28,6515,998.64,2025-01-10,34.78399,127.15371
16,128.88,6515,998.64,2025-01-10,34.78399,127.15371
17,43.92,6515,998.64,2025-01-10,34.78399,127.15371
18,0,6515,998.64,2025-01-10,34.78399,127.15371
19,569.52,6515,998.64,2025-01-10,34.78399,127.15371
2,0,6515,998.64,2025-01-10,34.78399,127.15371
20,158.4,6515,998.64,2025-01-10,34.78399,127.15371
21,0,6515,998.64,2025-01-10,34.78399,127.15371
22,0,6515,998.64,2025-01-10,34.78399,127.15371
23,0,6515,998.64,2025-01-10,34.78399,127.15371
24,0,6515,998.64,2025-01-10,34.78399,127.15371
3,0,6515,998.64,2025-01-10,34.78399,127.15371
4,0,6515,998.64,2025-01-10,34.78399,127.15371
5,0,6515,998.64,2025-01-10,34.78399,127.15371
6,0,6515,998.64,2025-01-10,34.78399,127.15371
7,0,6515,998.64,2025-01-10,34.78399,127.15371
8,0.72,6515,998.64,2025-01-10,34.78399,127.15371
10,100.08,6515,998.64,2025-01-10,34.78399,127.15371
1,0,6514,992.34,2025-01-10,34.78399,127.15371
9,91.44,6514,992.34,2025-01-10,34.78399,127.15371
11,70.56,6514,992.34,2025-01-10,34.78399,127.15371
12,69.84,6514,992.34,2025-01-10,34.78399,127.15371
13,67.68,6514,992.34,2025-01-10,34.78399,127.15371
14,73.44,6514,992.34,2025-01-10,34.78399,127.15371
15,282.96,6514,992.34,2025-01-10,34.78399,127.15371
16,231.12,6514,992.34,2025-01-10,34.78399,127.15371
17,70.56,6514,992.34,2025-01-10,34.78399,127.15371
18,1.44,6514,992.34,2025-01-10,34.78399,127.15371
19,596.16,6514,992.34,2025-01-10,34.78399,127.15371
2,0,6514,992.34,2025-01-10,34.78399,127.15371
20,607.68,6514,992.34,2025-01-10,34.78399,127.15371
21,607.68,6514,992.34,2025-01-10,34.78399,127.15371
22,329.04,6514,992.34,2025-01-10,34.78399,127.15371
23,0,6514,992.34,2025-01-10,34.78399,127.15371
24,0,6514,992.34,2025-01-10,34.78399,127.15371
3,0,6514,992.34,2025-01-10,34.78399,127.15371
4,0,6514,992.34,2025-01-10,34.78399,127.15371
5,0,6514,992.34,2025-01-10,34.78399,127.15371
6,0,6514,992.34,2025-01-10,34.78399,127.15371
7,0,6514,992.34,2025-01-10,34.78399,127.15371
8,5.76,6514,992.34,2025-01-10,34.78399,127.15371
10,78.48,6514,992.34,2025-01-10,34.78399,127.15371
1,0,AN48,1708.8,2025-01-10,35.3260742,129.2867124
9,428.833,AN48,1708.8,2025-01-10,35.3260742,129.2867124
11,1163.561,AN48,1708.8,2025-01-10,35.3260742,129.2867124
12,1329.646,AN48,1708.8,2025-01-10,35.3260742,129.2867124
13,1393.887,AN48,1708.8,2025-01-10,35.3260742,129.2867124
14,1316.388,AN48,1708.8,2025-01-10,35.3260742,129.2867124
15,1139.817,AN48,1708.8,2025-01-10,35.3260742,129.2867124
16,832.114,AN48,1708.8,2025-01-10,35.3260742,129.2867124
17,282.514,AN48,1708.8,2025-01-10,35.3260742,129.2867124
18,5.785,AN48,1708.8,2025-01-10,35.3260742,129.2867124
19,0,AN48,1708.8,2025-01-10,35.3260742,129.2867124
2,0,AN48,1708.8,2025-01-10,35.3260742,129.2867124
20,0,AN48,1708.8,2025-01-10,35.3260742,129.2867124
21,0,AN48,1708.8,2025-01-10,35.3260742,129.2867124
22,0,AN48,1708.8,2025-01-10,35.3260742,129.2867124
23,0,AN48,1708.8,2025-01-10,35.3260742,129.2867124
24,0,AN48,1708.8,2025-01-10,35.3260742,129.2867124
3,0,AN48,1708.8,2025-01-10,35.3260742,129.2867124
4,0,AN48,1708.8,2025-01-10,35.3260742,129.2867124
5,0,AN48,1708.8,2025-01-10,35.3260742,129.2867124
6,0,AN48,1708.8,2025-01-10,35.3260742,129.2867124
7,0,AN48,1708.8,2025-01-10,35.3260742,129.2867124
8,10.847,AN48,1708.8,2025-01-10,35.3260742,129.2867124
10,879.119,AN48,1708.8,2025-01-10,35.3260742,129.2867124
1,0,AN25,1485.99,2025-01-10,35.40872,126.41619
9,0,AN25,1485.99,2025-01-10,35.40872,126.41619
11,10.847,AN25,1485.99,2025-01-10,35.40872,126.41619
12,72.316,AN25,1485.99,2025-01-10,35.40872,126.41619
13,731.595,AN25,1485.99,2025-01-10,35.40872,126.41619
14,1023.268,AN25,1485.99,2025-01-10,35.40872,126.41619
15,672.537,AN25,1485.99,2025-01-10,35.40872,126.41619
16,599.016,AN25,1485.99,2025-01-10,35.40872,126.41619
17,247.079,AN25,1485.99,2025-01-10,35.40872,126.41619
18,8.437,AN25,1485.99,2025-01-10,35.40872,126.41619
19,0,AN25,1485.99,2025-01-10,35.40872,126.41619
2,0,AN25,1485.99,2025-01-10,35.40872,126.41619
20,0,AN25,1485.99,2025-01-10,35.40872,126.41619
21,0,AN25,1485.99,2025-01-10,35.40872,126.41619
22,0,AN25,1485.99,2025-01-10,35.40872,126.41619
23,0,AN25,1485.99,2025-01-10,35.40872,126.41619
24,0,AN25,1485.99,2025-01-10,35.40872,126.41619
3,0,AN25,1485.99,2025-01-10,35.40872,126.41619
4,0,AN25,1485.99,2025-01-10,35.40872,126.41619
5,0,AN25,1485.99,2025-01-10,35.40872,126.41619
6,0,AN25,1485.99,2025-01-10,35.40872,126.41619
7,0,AN25,1485.99,2025-01-10,35.40872,126.41619
8,0,AN25,1485.99,2025-01-10,35.40872,126.41619
10,1.205,AN25,1485.99,2025-01-10,35.40872,126.41619
1,0,AK61,2243.52,2025-01-10,35.40872,126.41619
9,0,AK61,2243.52,2025-01-10,35.40872,126.41619
11,3.616,AK61,2243.52,2025-01-10,35.40872,126.41619
12,254.913,AK61,2243.52,2025-01-10,35.40872,126.41619
13,1354.113,AK61,2243.52,2025-01-10,35.40872,126.41619
14,1581.908,AK61,2243.52,2025-01-10,35.40872,126.41619
15,891.292,AK61,2243.52,2025-01-10,35.40872,126.41619
16,943.721,AK61,2243.52,2025-01-10,35.40872,126.41619
17,381.466,AK61,2243.52,2025-01-10,35.40872,126.41619
18,12.655,AK61,2243.52,2025-01-10,35.40872,126.41619
19,0,AK61,2243.52,2025-01-10,35.40872,126.41619
2,0,AK61,2243.52,2025-01-10,35.40872,126.41619
20,0,AK61,2243.52,2025-01-10,35.40872,126.41619
21,0,AK61,2243.52,2025-01-10,35.40872,126.41619
22,0,AK61,2243.52,2025-01-10,35.40872,126.41619
23,0,AK61,2243.52,2025-01-10,35.40872,126.41619
24,0,AK61,2243.52,2025-01-10,35.40872,126.41619
3,0,AK61,2243.52,2025-01-10,35.40872,126.41619
4,0,AK61,2243.52,2025-01-10,35.40872,126.41619
5,0,AK61,2243.52,2025-01-10,35.40872,126.41619
6,0,AK61,2243.52,2025-01-10,35.40872,126.41619
7,0,AK61,2243.52,2025-01-10,35.40872,126.41619
8,0,AK61,2243.52,2025-01-10,35.40872,126.41619
10,0,AK61,2243.52,2025-01-10,35.40872,126.41619
1,0,AH00,3686.76,2025-01-10,35.40872,126.41619
9,0,AH00,3686.76,2025-01-10,35.40872,126.41619
11,24.105,AH00,3686.76,2025-01-10,35.40872,126.41619
12,130.168,AH00,3686.76,2025-01-10,35.40872,126.41619
13,1024.474,AH00,3686.76,2025-01-10,35.40872,126.41619
14,1860.926,AH00,3686.76,2025-01-10,35.40872,126.41619
15,1431.853,AH00,3686.76,2025-01-10,35.40872,126.41619
16,1345.074,AH00,3686.76,2025-01-10,35.40872,126.41619
17,465.232,AH00,3686.76,2025-01-10,35.40872,126.41619
18,16.874,AH00,3686.76,2025-01-10,35.40872,126.41619
19,0,AH00,3686.76,2025-01-10,35.40872,126.41619
2,0,AH00,3686.76,2025-01-10,35.40872,126.41619
20,0,AH00,3686.76,2025-01-10,35.40872,126.41619
21,0,AH00,3686.76,2025-01-10,35.40872,126.41619
22,0,AH00,3686.76,2025-01-10,35.40872,126.41619
23,0,AH00,3686.76,2025-01-10,35.40872,126.41619
24,0,AH00,3686.76,2025-01-10,35.40872,126.41619
3,0,AH00,3686.76,2025-01-10,35.40872,126.41619
4,0,AH00,3686.76,2025-01-10,35.40872,126.41619
5,0,AH00,3686.76,2025-01-10,35.40872,126.41619
6,0,AH00,3686.76,2025-01-10,35.40872,126.41619
7,0,AH00,3686.76,2025-01-10,35.40872,126.41619
8,0,AH00,3686.76,2025-01-10,35.40872,126.41619
10,0,AH00,3686.76,2025-01-10,35.40872,126.41619
18,72,1738,10947,2025-01-10,35.40872,126.41619
17,1697.28,1738,10947,2025-01-10,35.40872,126.41619
2,0,1738,10947,2025-01-10,35.40872,126.41619
20,0,1738,10947,2025-01-10,35.40872,126.41619
21,0,1738,10947,2025-01-10,35.40872,126.41619
22,0,1738,10947,2025-01-10,35.40872,126.41619
23,0,1738,10947,2025-01-10,35.40872,126.41619
24,0,1738,10947,2025-01-10,35.40872,126.41619
3,0,1738,10947,2025-01-10,35.40872,126.41619
4,0,1738,10947,2025-01-10,35.40872,126.41619
5,0,1738,10947,2025-01-10,35.40872,126.41619
6,0,1738,10947,2025-01-10,35.40872,126.41619
7,0,1738,10947,2025-01-10,35.40872,126.41619
8,0,1738,10947,2025-01-10,35.40872,126.41619
9,0,1738,10947,2025-01-10,35.40872,126.41619
1,0,1738,10947,2025-01-10,35.40872,126.41619
10,4.8,1738,10947,2025-01-10,35.40872,126.41619
11,125.76,1738,10947,2025-01-10,35.40872,126.41619
12,221.76,1738,10947,2025-01-10,35.40872,126.41619
13,465.6,1738,10947,2025-01-10,35.40872,126.41619
14,1886.4,1738,10947,2025-01-10,35.40872,126.41619
15,3165.12,1738,10947,2025-01-10,35.40872,126.41619
16,3920.64,1738,10947,2025-01-10,35.40872,126.41619
19,0,1738,10947,2025-01-10,35.40872,126.41619
1,0,9812,1750,2025-01-10,35.40872,126.41619
9,0,9812,1750,2025-01-10,35.40872,126.41619
11,16.8,9812,1750,2025-01-10,35.40872,126.41619
12,29.64,9812,1750,2025-01-10,35.40872,126.41619
13,50.76,9812,1750,2025-01-10,35.40872,126.41619
14,84.96,9812,1750,2025-01-10,35.40872,126.41619
15,100.8,9812,1750,2025-01-10,35.40872,126.41619
16,137.88,9812,1750,2025-01-10,35.40872,126.41619
17,83.4,9812,1750,2025-01-10,35.40872,126.41619
18,1.44,9812,1750,2025-01-10,35.40872,126.41619
19,0,9812,1750,2025-01-10,35.40872,126.41619
2,0,9812,1750,2025-01-10,35.40872,126.41619
20,0,9812,1750,2025-01-10,35.40872,126.41619
21,0,9812,1750,2025-01-10,35.40872,126.41619
22,0,9812,1750,2025-01-10,35.40872,126.41619
23,0,9812,1750,2025-01-10,35.40872,126.41619
24,0,9812,1750,2025-01-10,35.40872,126.41619
3,0,9812,1750,2025-01-10,35.40872,126.41619
4,0,9812,1750,2025-01-10,35.40872,126.41619
5,0,9812,1750,2025-01-10,35.40872,126.41619
6,0,9812,1750,2025-01-10,35.40872,126.41619
7,0,9812,1750,2025-01-10,35.40872,126.41619
8,0,9812,1750,2025-01-10,35.40872,126.41619
10,0.48,9812,1750,2025-01-10,35.40872,126.41619
1,0,9811,1250,2025-01-10,35.40872,126.41619
9,0,9811,1250,2025-01-10,35.40872,126.41619
11,3.648,9811,1250,2025-01-10,35.40872,126.41619
12,13.344,9811,1250,2025-01-10,35.40872,126.41619
13,23.328,9811,1250,2025-01-10,35.40872,126.41619
14,34.08,9811,1250,2025-01-10,35.40872,126.41619
15,29.28,9811,1250,2025-01-10,35.40872,126.41619
16,32.544,9811,1250,2025-01-10,35.40872,126.41619
17,15.552,9811,1250,2025-01-10,35.40872,126.41619
18,0.192,9811,1250,2025-01-10,35.40872,126.41619
19,0,9811,1250,2025-01-10,35.40872,126.41619
2,0,9811,1250,2025-01-10,35.40872,126.41619
20,0,9811,1250,2025-01-10,35.40872,126.41619
21,0,9811,1250,2025-01-10,35.40872,126.41619
22,0,9811,1250,2025-01-10,35.40872,126.41619
23,0,9811,1250,2025-01-10,35.40872,126.41619
24,0,9811,1250,2025-01-10,35.40872,126.41619
3,0,9811,1250,2025-01-10,35.40872,126.41619
4,0,9811,1250,2025-01-10,35.40872,126.41619
5,0,9811,1250,2025-01-10,35.40872,126.41619
6,0,9811,1250,2025-01-10,35.40872,126.41619
7,0,9811,1250,2025-01-10,35.40872,126.41619
8,0,9811,1250,2025-01-10,35.40872,126.41619
10,0,9811,1250,2025-01-10,35.40872,126.41619
1,0,BW96,787.32,2025-01-10,36.4169065097,129.010950453
9,77.812,BW96,787.32,2025-01-10,36.4169065097,129.010950453
11,421.456,BW96,787.32,2025-01-10,36.4169065097,129.010950453
12,533.257,BW96,787.32,2025-01-10,36.4169065097,129.010950453
13,588.723,BW96,787.32,2025-01-10,36.4169065097,129.010950453
14,581.636,BW96,787.32,2025-01-10,36.4169065097,129.010950453
15,471.644,BW96,787.32,2025-01-10,36.4169065097,129.010950453
16,228.012,BW96,787.32,2025-01-10,36.4169065097,129.010950453
17,53.586,BW96,787.32,2025-01-10,36.4169065097,129.010950453
18,1.446,BW96,787.32,2025-01-10,36.4169065097,129.010950453
19,0,BW96,787.32,2025-01-10,36.4169065097,129.010950453
2,0,BW96,787.32,2025-01-10,36.4169065097,129.010950453
20,0,BW96,787.32,2025-01-10,36.4169065097,129.010950453
21,0,BW96,787.32,2025-01-10,36.4169065097,129.010950453
22,0,BW96,787.32,2025-01-10,36.4169065097,129.010950453
23,0,BW96,787.32,2025-01-10,36.4169065097,129.010950453
24,0,BW96,787.32,2025-01-10,36.4169065097,129.010950453
3,0,BW96,787.32,2025-01-10,36.4169065097,129.010950453
4,0,BW96,787.32,2025-01-10,36.4169065097,129.010950453
5,0,BW96,787.32,2025-01-10,36.4169065097,129.010950453
6,0,BW96,787.32,2025-01-10,36.4169065097,129.010950453
7,0,BW96,787.32,2025-01-10,36.4169065097,129.010950453
8,1.808,BW96,787.32,2025-01-10,36.4169065097,129.010950453
10,257.661,BW96,787.32,2025-01-10,36.4169065097,129.010950453
1,0,BU57,708.4,2025-01-10,36.016335,128.6952078
9,88.32,BU57,708.4,2025-01-10,36.016335,128.6952078
11,347.04,BU57,708.4,2025-01-10,36.016335,128.6952078
12,410.4,BU57,708.4,2025-01-10,36.016335,128.6952078
13,431.04,BU57,708.4,2025-01-10,36.016335,128.6952078
14,412.8,BU57,708.4,2025-01-10,36.016335,128.6952078
15,355.2,BU57,708.4,2025-01-10,36.016335,128.6952078
16,247.2,BU57,708.4,2025-01-10,36.016335,128.6952078
17,102.24,BU57,708.4,2025-01-10,36.016335,128.6952078
18,4.8,BU57,708.4,2025-01-10,36.016335,128.6952078
19,0,BU57,708.4,2025-01-10,36.016335,128.6952078
2,0,BU57,708.4,2025-01-10,36.016335,128.6952078
20,0,BU57,708.4,2025-01-10,36.016335,128.6952078
21,0,BU57,708.4,2025-01-10,36.016335,128.6952078
22,0,BU57,708.4,2025-01-10,36.016335,128.6952078
23,0,BU57,708.4,2025-01-10,36.016335,128.6952078
24,0,BU57,708.4,2025-01-10,36.016335,128.6952078
3,0,BU57,708.4,2025-01-10,36.016335,128.6952078
4,0,BU57,708.4,2025-01-10,36.016335,128.6952078
5,0,BU57,708.4,2025-01-10,36.016335,128.6952078
6,0,BU57,708.4,2025-01-10,36.016335,128.6952078
7,0,BU57,708.4,2025-01-10,36.016335,128.6952078
8,1.92,BU57,708.4,2025-01-10,36.016335,128.6952078
10,236.64,BU57,708.4,2025-01-10,36.016335,128.6952078
1,0,BT70,1628,2025-01-10,37.1932848506,126.6629898346
9,116.911,BT70,1628,2025-01-10,37.1932848506,126.6629898346
11,729.184,BT70,1628,2025-01-10,37.1932848506,126.6629898346
12,935.284,BT70,1628,2025-01-10,37.1932848506,126.6629898346
13,991.932,BT70,1628,2025-01-10,37.1932848506,126.6629898346
14,941.311,BT70,1628,2025-01-10,37.1932848506,126.6629898346
15,784.626,BT70,1628,2025-01-10,37.1932848506,126.6629898346
16,535.137,BT70,1628,2025-01-10,37.1932848506,126.6629898346
17,220.563,BT70,1628,2025-01-10,37.1932848506,126.6629898346
18,10.847,BT70,1628,2025-01-10,37.1932848506,126.6629898346
19,0,BT70,1628,2025-01-10,37.1932848506,126.6629898346
2,0,BT70,1628,2025-01-10,37.1932848506,126.6629898346
20,0,BT70,1628,2025-01-10,37.1932848506,126.6629898346
21,0,BT70,1628,2025-01-10,37.1932848506,126.6629898346
22,0,BT70,1628,2025-01-10,37.1932848506,126.6629898346
23,0,BT70,1628,2025-01-10,37.1932848506,126.6629898346
24,0,BT70,1628,2025-01-10,37.1932848506,126.6629898346
3,0,BT70,1628,2025-01-10,37.1932848506,126.6629898346
4,0,BT70,1628,2025-01-10,37.1932848506,126.6629898346
5,0,BT70,1628,2025-01-10,37.1932848506,126.6629898346
6,0,BT70,1628,2025-01-10,37.1932848506,126.6629898346
7,0,BT70,1628,2025-01-10,37.1932848506,126.6629898346
8,0,BT70,1628,2025-01-10,37.1932848506,126.6629898346
10,433.895,BT70,1628,2025-01-10,37.1932848506,126.6629898346
1,0,BU59,250.25,2025-01-10,35.872692951,128.8532032692
9,25,BU59,250.25,2025-01-10,35.872692951,128.8532032692
11,112.1,BU59,250.25,2025-01-10,35.872692951,128.8532032692
12,139.3,BU59,250.25,2025-01-10,35.872692951,128.8532032692
13,149.7,BU59,250.25,2025-01-10,35.872692951,128.8532032692
14,144.5,BU59,250.25,2025-01-10,35.872692951,128.8532032692
15,123.5,BU59,250.25,2025-01-10,35.872692951,128.8532032692
16,65.5,BU59,250.25,2025-01-10,35.872692951,128.8532032692
17,20.7,BU59,250.25,2025-01-10,35.872692951,128.8532032692
18,1.4,BU59,250.25,2025-01-10,35.872692951,128.8532032692
19,0,BU59,250.25,2025-01-10,35.872692951,128.8532032692
2,0,BU59,250.25,2025-01-10,35.872692951,128.8532032692
20,0,BU59,250.25,2025-01-10,35.872692951,128.8532032692
21,0,BU59,250.25,2025-01-10,35.872692951,128.8532032692
22,0,BU59,250.25,2025-01-10,35.872692951,128.8532032692
23,0,BU59,250.25,2025-01-10,35.872692951,128.8532032692
24,0,BU59,250.25,2025-01-10,35.872692951,128.8532032692
3,0,BU59,250.25,2025-01-10,35.872692951,128.8532032692
4,0,BU59,250.25,2025-01-10,35.872692951,128.8532032692
5,0,BU59,250.25,2025-01-10,35.872692951,128.8532032692
6,0,BU59,250.25,2025-01-10,35.872692951,128.8532032692
7,0,BU59,250.25,2025-01-10,35.872692951,128.8532032692
8,1,BU59,250.25,2025-01-10,35.872692951,128.8532032692
10,71.8,BU59,250.25,2025-01-10,35.872692951,128.8532032692
1,0,BQ15,499.8,2025-01-10,35.26882310116,128.469421419
9,18.6,BQ15,499.8,2025-01-10,35.26882310116,128.469421419
11,184,BQ15,499.8,2025-01-10,35.26882310116,128.469421419
12,230.8,BQ15,499.8,2025-01-10,35.26882310116,128.469421419
13,245.4,BQ15,499.8,2025-01-10,35.26882310116,128.469421419
14,231.4,BQ15,499.8,2025-01-10,35.26882310116,128.469421419
15,190.4,BQ15,499.8,2025-01-10,35.26882310116,128.469421419
16,123.8,BQ15,499.8,2025-01-10,35.26882310116,128.469421419
17,42.4,BQ15,499.8,2025-01-10,35.26882310116,128.469421419
18,2.4,BQ15,499.8,2025-01-10,35.26882310116,128.469421419
19,0,BQ15,499.8,2025-01-10,35.26882310116,128.469421419
2,0,BQ15,499.8,2025-01-10,35.26882310116,128.469421419
20,0,BQ15,499.8,2025-01-10,35.26882310116,128.469421419
21,0,BQ15,499.8,2025-01-10,35.26882310116,128.469421419
22,0,BQ15,499.8,2025-01-10,35.26882310116,128.469421419
23,0,BQ15,499.8,2025-01-10,35.26882310116,128.469421419
24,0,BQ15,499.8,2025-01-10,35.26882310116,128.469421419
3,0,BQ15,499.8,2025-01-10,35.26882310116,128.469421419
4,0,BQ15,499.8,2025-01-10,35.26882310116,128.469421419
5,0,BQ15,499.8,2025-01-10,35.26882310116,128.469421419
6,0,BQ15,499.8,2025-01-10,35.26882310116,128.469421419
7,0,BQ15,499.8,2025-01-10,35.26882310116,128.469421419
8,1.2,BQ15,499.8,2025-01-10,35.26882310116,128.469421419
10,100.2,BQ15,499.8,2025-01-10,35.26882310116,128.469421419
1,0,BU58,392.7,2025-01-10,36.1114194006,128.3765026846
9,47.8,BU58,392.7,2025-01-10,36.1114194006,128.3765026846
11,211.8,BU58,392.7,2025-01-10,36.1114194006,128.3765026846
12,263.2,BU58,392.7,2025-01-10,36.1114194006,128.3765026846
13,278.4,BU58,392.7,2025-01-10,36.1114194006,128.3765026846
14,265.2,BU58,392.7,2025-01-10,36.1114194006,128.3765026846
15,222.2,BU58,392.7,2025-01-10,36.1114194006,128.3765026846
16,143.2,BU58,392.7,2025-01-10,36.1114194006,128.3765026846
17,58.6,BU58,392.7,2025-01-10,36.1114194006,128.3765026846
18,2.4,BU58,392.7,2025-01-10,36.1114194006,128.3765026846
19,0,BU58,392.7,2025-01-10,36.1114194006,128.3765026846
2,0,BU58,392.7,2025-01-10,36.1114194006,128.3765026846
20,0,BU58,392.7,2025-01-10,36.1114194006,128.3765026846
21,0,BU58,392.7,2025-01-10,36.1114194006,128.3765026846
22,0,BU58,392.7,2025-01-10,36.1114194006,128.3765026846
23,0,BU58,392.7,2025-01-10,36.1114194006,128.3765026846
24,0,BU58,392.7,2025-01-10,36.1114194006,128.3765026846
3,0,BU58,392.7,2025-01-10,36.1114194006,128.3765026846
4,0,BU58,392.7,2025-01-10,36.1114194006,128.3765026846
5,0,BU58,392.7,2025-01-10,36.1114194006,128.3765026846
6,0,BU58,392.7,2025-01-10,36.1114194006,128.3765026846
7,0,BU58,392.7,2025-01-10,36.1114194006,128.3765026846
8,1.8,BU58,392.7,2025-01-10,36.1114194006,128.3765026846
10,131.2,BU58,392.7,2025-01-10,36.1114194006,128.3765026846
1,0,1425,1386,2025-01-10,36.75268,128.42667
9,301.2,1425,1386,2025-01-10,36.75268,128.42667
11,816,1425,1386,2025-01-10,36.75268,128.42667
12,898.8,1425,1386,2025-01-10,36.75268,128.42667
13,897.6,1425,1386,2025-01-10,36.75268,128.42667
14,817.2,1425,1386,2025-01-10,36.75268,128.42667
15,662.4,1425,1386,2025-01-10,36.75268,128.42667
16,381.6,1425,1386,2025-01-10,36.75268,128.42667
17,21.6,1425,1386,2025-01-10,36.75268,128.42667
18,0,1425,1386,2025-01-10,36.75268,128.42667
19,0,1425,1386,2025-01-10,36.75268,128.42667
2,0,1425,1386,2025-01-10,36.75268,128.42667
20,0,1425,1386,2025-01-10,36.75268,128.42667
21,0,1425,1386,2025-01-10,36.75268,128.42667
22,0,1425,1386,2025-01-10,36.75268,128.42667
23,0,1425,1386,2025-01-10,36.75268,128.42667
24,0,1425,1386,2025-01-10,36.75268,128.42667
3,0,1425,1386,2025-01-10,36.75268,128.42667
4,0,1425,1386,2025-01-10,36.75268,128.42667
5,0,1425,1386,2025-01-10,36.75268,128.42667
6,0,1425,1386,2025-01-10,36.75268,128.42667
7,0,1425,1386,2025-01-10,36.75268,128.42667
8,0,1425,1386,2025-01-10,36.75268,128.42667
10,643.2,1425,1386,2025-01-10,36.75268,128.42667
1,0,BF04,999.6,2025-01-10,35.572294,129.378009
9,101.52,BF04,999.6,2025-01-10,35.572294,129.378009
11,404.64,BF04,999.6,2025-01-10,35.572294,129.378009
12,496.08,BF04,999.6,2025-01-10,35.572294,129.378009
13,519.84,BF04,999.6,2025-01-10,35.572294,129.378009
14,482.4,BF04,999.6,2025-01-10,35.572294,129.378009
15,383.76,BF04,999.6,2025-01-10,35.572294,129.378009
16,246.24,BF04,999.6,2025-01-10,35.572294,129.378009
17,102.24,BF04,999.6,2025-01-10,35.572294,129.378009
18,7.2,BF04,999.6,2025-01-10,35.572294,129.378009
19,0,BF04,999.6,2025-01-10,35.572294,129.378009
2,0,BF04,999.6,2025-01-10,35.572294,129.378009
20,0,BF04,999.6,2025-01-10,35.572294,129.378009
21,0,BF04,999.6,2025-01-10,35.572294,129.378009
22,0,BF04,999.6,2025-01-10,35.572294,129.378009
23,0,BF04,999.6,2025-01-10,35.572294,129.378009
24,0,BF04,999.6,2025-01-10,35.572294,129.378009
3,0,BF04,999.6,2025-01-10,35.572294,129.378009
4,0,BF04,999.6,2025-01-10,35.572294,129.378009
5,0,BF04,999.6,2025-01-10,35.572294,129.378009
6,0,BF04,999.6,2025-01-10,35.572294,129.378009
7,0,BF04,999.6,2025-01-10,35.572294,129.378009
8,3.6,BF04,999.6,2025-01-10,35.572294,129.378009
10,260.64,BF04,999.6,2025-01-10,35.572294,129.378009
1,0,BD83,2992.48,2025-01-10,35.487706,129.322415
9,337.474,BD83,2992.48,2025-01-10,35.487706,129.322415
11,1489.705,BD83,2992.48,2025-01-10,35.487706,129.322415
12,1803.074,BD83,2992.48,2025-01-10,35.487706,129.322415
13,2012.789,BD83,2992.48,2025-01-10,35.487706,129.322415
14,1923.6,BD83,2992.48,2025-01-10,35.487706,129.322415
15,1605.411,BD83,2992.48,2025-01-10,35.487706,129.322415
16,1070.274,BD83,2992.48,2025-01-10,35.487706,129.322415
17,424.253,BD83,2992.48,2025-01-10,35.487706,129.322415
18,26.516,BD83,2992.48,2025-01-10,35.487706,129.322415
19,0,BD83,2992.48,2025-01-10,35.487706,129.322415
2,0,BD83,2992.48,2025-01-10,35.487706,129.322415
20,0,BD83,2992.48,2025-01-10,35.487706,129.322415
21,0,BD83,2992.48,2025-01-10,35.487706,129.322415
22,0,BD83,2992.48,2025-01-10,35.487706,129.322415
23,0,BD83,2992.48,2025-01-10,35.487706,129.322415
24,0,BD83,2992.48,2025-01-10,35.487706,129.322415
3,0,BD83,2992.48,2025-01-10,35.487706,129.322415
4,0,BD83,2992.48,2025-01-10,35.487706,129.322415
5,0,BD83,2992.48,2025-01-10,35.487706,129.322415
6,0,BD83,2992.48,2025-01-10,35.487706,129.322415
7,0,BD83,2992.48,2025-01-10,35.487706,129.322415
8,14.463,BD83,2992.48,2025-01-10,35.487706,129.322415
10,997.958,BD83,2992.48,2025-01-10,35.487706,129.322415
1,0,BD44,3024,2025-01-10,35.260946,127.769315
9,238.883,BD44,3024,2025-01-10,35.260946,127.769315
11,1284.569,BD44,3024,2025-01-10,35.260946,127.769315
12,1535.264,BD44,3024,2025-01-10,35.260946,127.769315
13,1606.134,BD44,3024,2025-01-10,35.260946,127.769315
14,1549.245,BD44,3024,2025-01-10,35.260946,127.769315
15,1192.246,BD44,3024,2025-01-10,35.260946,127.769315
16,103.894,BD44,3024,2025-01-10,35.260946,127.769315
17,42.425,BD44,3024,2025-01-10,35.260946,127.769315
18,5.062,BD44,3024,2025-01-10,35.260946,127.769315
19,0,BD44,3024,2025-01-10,35.260946,127.769315
2,0,BD44,3024,2025-01-10,35.260946,127.769315
20,0,BD44,3024,2025-01-10,35.260946,127.769315
21,0,BD44,3024,2025-01-10,35.260946,127.769315
22,0,BD44,3024,2025-01-10,35.260946,127.769315
23,0,BD44,3024,2025-01-10,35.260946,127.769315
24,0,BD44,3024,2025-01-10,35.260946,127.769315
3,0,BD44,3024,2025-01-10,35.260946,127.769315
4,0,BD44,3024,2025-01-10,35.260946,127.769315
5,0,BD44,3024,2025-01-10,35.260946,127.769315
6,0,BD44,3024,2025-01-10,35.260946,127.769315
7,0,BD44,3024,2025-01-10,35.260946,127.769315
8,2.893,BD44,3024,2025-01-10,35.260946,127.769315
10,678.322,BD44,3024,2025-01-10,35.260946,127.769315
1,0,BH95,999,2025-01-10,36.906066,127.062611
9,83.52,BH95,999,2025-01-10,36.906066,127.062611
11,456.48,BH95,999,2025-01-10,36.906066,127.062611
12,520.56,BH95,999,2025-01-10,36.906066,127.062611
13,607.68,BH95,999,2025-01-10,36.906066,127.062611
14,583.92,BH95,999,2025-01-10,36.906066,127.062611
15,488.88,BH95,999,2025-01-10,36.906066,127.062611
16,328.32,BH95,999,2025-01-10,36.906066,127.062611
17,133.2,BH95,999,2025-01-10,36.906066,127.062611
18,5.04,BH95,999,2025-01-10,36.906066,127.062611
19,0,BH95,999,2025-01-10,36.906066,127.062611
2,0,BH95,999,2025-01-10,36.906066,127.062611
20,0,BH95,999,2025-01-10,36.906066,127.062611
21,0,BH95,999,2025-01-10,36.906066,127.062611
22,0,BH95,999,2025-01-10,36.906066,127.062611
23,0,BH95,999,2025-01-10,36.906066,127.062611
24,0,BH95,999,2025-01-10,36.906066,127.062611
3,0,BH95,999,2025-01-10,36.906066,127.062611
4,0,BH95,999,2025-01-10,36.906066,127.062611
5,0,BH95,999,2025-01-10,36.906066,127.062611
6,0,BH95,999,2025-01-10,36.906066,127.062611
7,0,BH95,999,2025-01-10,36.906066,127.062611
8,0,BH95,999,2025-01-10,36.906066,127.062611
10,277.2,BH95,999,2025-01-10,36.906066,127.062611
1,0,AN69,4444.65,2025-01-10,36.40569,129.01606
9,306,AN69,4444.65,2025-01-10,36.40569,129.01606
11,2311.2,AN69,4444.65,2025-01-10,36.40569,129.01606
12,2761.2,AN69,4444.65,2025-01-10,36.40569,129.01606
13,2919.6,AN69,4444.65,2025-01-10,36.40569,129.01606
14,2764.8,AN69,4444.65,2025-01-10,36.40569,129.01606
15,2365.2,AN69,4444.65,2025-01-10,36.40569,129.01606
16,1638,AN69,4444.65,2025-01-10,36.40569,129.01606
17,446.4,AN69,4444.65,2025-01-10,36.40569,129.01606
18,10.8,AN69,4444.65,2025-01-10,36.40569,129.01606
19,0,AN69,4444.65,2025-01-10,36.40569,129.01606
2,0,AN69,4444.65,2025-01-10,36.40569,129.01606
20,0,AN69,4444.65,2025-01-10,36.40569,129.01606
21,0,AN69,4444.65,2025-01-10,36.40569,129.01606
22,0,AN69,4444.65,2025-01-10,36.40569,129.01606
23,0,AN69,4444.65,2025-01-10,36.40569,129.01606
24,0,AN69,4444.65,2025-01-10,36.40569,129.01606
3,0,AN69,4444.65,2025-01-10,36.40569,129.01606
4,0,AN69,4444.65,2025-01-10,36.40569,129.01606
5,0,AN69,4444.65,2025-01-10,36.40569,129.01606
6,0,AN69,4444.65,2025-01-10,36.40569,129.01606
7,0,AN69,4444.65,2025-01-10,36.40569,129.01606
8,0,AN69,4444.65,2025-01-10,36.40569,129.01606
10,1476,AN69,4444.65,2025-01-10,36.40569,129.01606
1,0,ABJI,2008.8,2025-01-10,35.720807,129.46588
9,193.445,ABJI,2008.8,2025-01-10,35.720807,129.46588
11,920.218,ABJI,2008.8,2025-01-10,35.720807,129.46588
12,1142.589,ABJI,2008.8,2025-01-10,35.720807,129.46588
13,1218.521,ABJI,2008.8,2025-01-10,35.720807,129.46588
14,1157.053,ABJI,2008.8,2025-01-10,35.720807,129.46588
15,887.676,ABJI,2008.8,2025-01-10,35.720807,129.46588
16,522.482,ABJI,2008.8,2025-01-10,35.720807,129.46588
17,178.982,ABJI,2008.8,2025-01-10,35.720807,129.46588
18,7.232,ABJI,2008.8,2025-01-10,35.720807,129.46588
19,0,ABJI,2008.8,2025-01-10,35.720807,129.46588
2,0,ABJI,2008.8,2025-01-10,35.720807,129.46588
20,0,ABJI,2008.8,2025-01-10,35.720807,129.46588
21,0,ABJI,2008.8,2025-01-10,35.720807,129.46588
22,0,ABJI,2008.8,2025-01-10,35.720807,129.46588
23,0,ABJI,2008.8,2025-01-10,35.720807,129.46588
24,0,ABJI,2008.8,2025-01-10,35.720807,129.46588
3,0,ABJI,2008.8,2025-01-10,35.720807,129.46588
4,0,ABJI,2008.8,2025-01-10,35.720807,129.46588
5,0,ABJI,2008.8,2025-01-10,35.720807,129.46588
6,0,ABJI,2008.8,2025-01-10,35.720807,129.46588
7,0,ABJI,2008.8,2025-01-10,35.720807,129.46588
8,7.232,ABJI,2008.8,2025-01-10,35.720807,129.46588
10,578.526,ABJI,2008.8,2025-01-10,35.720807,129.46588
1,0,ABC5,1819.68,2025-01-10,35.717508,129.229168
9,77.739,ABC5,1819.68,2025-01-10,35.717508,129.229168
11,658.074,ABC5,1819.68,2025-01-10,35.717508,129.229168
12,853.326,ABC5,1819.68,2025-01-10,35.717508,129.229168
13,940.105,ABC5,1819.68,2025-01-10,35.717508,129.229168
14,920.218,ABC5,1819.68,2025-01-10,35.717508,129.229168
15,779.203,ABC5,1819.68,2025-01-10,35.717508,129.229168
16,386.889,ABC5,1819.68,2025-01-10,35.717508,129.229168
17,144.632,ABC5,1819.68,2025-01-10,35.717508,129.229168
18,5.424,ABC5,1819.68,2025-01-10,35.717508,129.229168
19,0,ABC5,1819.68,2025-01-10,35.717508,129.229168
2,0,ABC5,1819.68,2025-01-10,35.717508,129.229168
20,0,ABC5,1819.68,2025-01-10,35.717508,129.229168
21,0,ABC5,1819.68,2025-01-10,35.717508,129.229168
22,0,ABC5,1819.68,2025-01-10,35.717508,129.229168
23,0,ABC5,1819.68,2025-01-10,35.717508,129.229168
24,0,ABC5,1819.68,2025-01-10,35.717508,129.229168
3,0,ABC5,1819.68,2025-01-10,35.717508,129.229168
4,0,ABC5,1819.68,2025-01-10,35.717508,129.229168
5,0,ABC5,1819.68,2025-01-10,35.717508,129.229168
6,0,ABC5,1819.68,2025-01-10,35.717508,129.229168
7,0,ABC5,1819.68,2025-01-10,35.717508,129.229168
8,1.808,ABC5,1819.68,2025-01-10,35.717508,129.229168
10,368.811,ABC5,1819.68,2025-01-10,35.717508,129.229168
1,0,BF05,840.48,2025-01-10,35.145784,128.828857
9,31.096,BF05,840.48,2025-01-10,35.145784,128.828857
11,356.517,BF05,840.48,2025-01-10,35.145784,128.828857
12,423.771,BF05,840.48,2025-01-10,35.145784,128.828857
13,440.403,BF05,840.48,2025-01-10,35.145784,128.828857
14,408.584,BF05,840.48,2025-01-10,35.145784,128.828857
15,319.636,BF05,840.48,2025-01-10,35.145784,128.828857
16,189.467,BF05,840.48,2025-01-10,35.145784,128.828857
17,59.299,BF05,840.48,2025-01-10,35.145784,128.828857
18,1.446,BF05,840.48,2025-01-10,35.145784,128.828857
19,0,BF05,840.48,2025-01-10,35.145784,128.828857
2,0,BF05,840.48,2025-01-10,35.145784,128.828857
20,0,BF05,840.48,2025-01-10,35.145784,128.828857
21,0,BF05,840.48,2025-01-10,35.145784,128.828857
22,0,BF05,840.48,2025-01-10,35.145784,128.828857
23,0,BF05,840.48,2025-01-10,35.145784,128.828857
24,0,BF05,840.48,2025-01-10,35.145784,128.828857
3,0,BF05,840.48,2025-01-10,35.145784,128.828857
4,0,BF05,840.48,2025-01-10,35.145784,128.828857
5,0,BF05,840.48,2025-01-10,35.145784,128.828857
6,0,BF05,840.48,2025-01-10,35.145784,128.828857
7,0,BF05,840.48,2025-01-10,35.145784,128.828857
8,1.446,BF05,840.48,2025-01-10,35.145784,128.828857
10,193.083,BF05,840.48,2025-01-10,35.145784,128.828857
1,0,ABHU,1391.04,2025-01-10,35.713319,129.473546
9,109.438,ABHU,1391.04,2025-01-10,35.713319,129.473546
11,689.411,ABHU,1391.04,2025-01-10,35.713319,129.473546
12,857.183,ABHU,1391.04,2025-01-10,35.713319,129.473546
13,919.568,ABHU,1391.04,2025-01-10,35.713319,129.473546
14,890.448,ABHU,1391.04,2025-01-10,35.713319,129.473546
15,761.341,ABHU,1391.04,2025-01-10,35.713319,129.473546
16,528.869,ABHU,1391.04,2025-01-10,35.713319,129.473546
17,179.825,ABHU,1391.04,2025-01-10,35.713319,129.473546
18,7.714,ABHU,1391.04,2025-01-10,35.713319,129.473546
19,0,ABHU,1391.04,2025-01-10,35.713319,129.473546
2,0,ABHU,1391.04,2025-01-10,35.713319,129.473546
20,0,ABHU,1391.04,2025-01-10,35.713319,129.473546
21,0,ABHU,1391.04,2025-01-10,35.713319,129.473546
22,0,ABHU,1391.04,2025-01-10,35.713319,129.473546
23,0,ABHU,1391.04,2025-01-10,35.713319,129.473546
24,0,ABHU,1391.04,2025-01-10,35.713319,129.473546
3,0,ABHU,1391.04,2025-01-10,35.713319,129.473546
4,0,ABHU,1391.04,2025-01-10,35.713319,129.473546
5,0,ABHU,1391.04,2025-01-10,35.713319,129.473546
6,0,ABHU,1391.04,2025-01-10,35.713319,129.473546
7,0,ABHU,1391.04,2025-01-10,35.713319,129.473546
8,0.386,ABHU,1391.04,2025-01-10,35.713319,129.473546
10,443.344,ABHU,1391.04,2025-01-10,35.713319,129.473546
6,0,BF30,408.75,2025-01-10,37.742912,127.48937
5,0,BF30,408.75,2025-01-10,37.742912,127.48937
8,0,BF30,408.75,2025-01-10,37.742912,127.48937
9,6.6,BF30,408.75,2025-01-10,37.742912,127.48937
1,0,BF30,408.75,2025-01-10,37.742912,127.48937
10,24.2,BF30,408.75,2025-01-10,37.742912,127.48937
11,35,BF30,408.75,2025-01-10,37.742912,127.48937
12,40.6,BF30,408.75,2025-01-10,37.742912,127.48937
13,42.4,BF30,408.75,2025-01-10,37.742912,127.48937
14,41,BF30,408.75,2025-01-10,37.742912,127.48937
15,34.4,BF30,408.75,2025-01-10,37.742912,127.48937
16,11.8,BF30,408.75,2025-01-10,37.742912,127.48937
17,1.4,BF30,408.75,2025-01-10,37.742912,127.48937
18,0,BF30,408.75,2025-01-10,37.742912,127.48937
19,0,BF30,408.75,2025-01-10,37.742912,127.48937
2,0,BF30,408.75,2025-01-10,37.742912,127.48937
20,0,BF30,408.75,2025-01-10,37.742912,127.48937
21,0,BF30,408.75,2025-01-10,37.742912,127.48937
22,0,BF30,408.75,2025-01-10,37.742912,127.48937
23,0,BF30,408.75,2025-01-10,37.742912,127.48937
24,0,BF30,408.75,2025-01-10,37.742912,127.48937
3,0,BF30,408.75,2025-01-10,37.742912,127.48937
4,0,BF30,408.75,2025-01-10,37.742912,127.48937
7,0,BF30,408.75,2025-01-10,37.742912,127.48937
1,0,BF31,287.76,2025-01-10,37.740043,127.492151
9,19.68,BF31,287.76,2025-01-10,37.740043,127.492151
11,124.16,BF31,287.76,2025-01-10,37.740043,127.492151
12,144.48,BF31,287.76,2025-01-10,37.740043,127.492151
13,148.16,BF31,287.76,2025-01-10,37.740043,127.492151
14,136.64,BF31,287.76,2025-01-10,37.740043,127.492151
15,106.24,BF31,287.76,2025-01-10,37.740043,127.492151
16,22.56,BF31,287.76,2025-01-10,37.740043,127.492151
17,5.6,BF31,287.76,2025-01-10,37.740043,127.492151
18,0.8,BF31,287.76,2025-01-10,37.740043,127.492151
19,0,BF31,287.76,2025-01-10,37.740043,127.492151
2,0,BF31,287.76,2025-01-10,37.740043,127.492151
20,0,BF31,287.76,2025-01-10,37.740043,127.492151
21,0,BF31,287.76,2025-01-10,37.740043,127.492151
22,0,BF31,287.76,2025-01-10,37.740043,127.492151
23,0,BF31,287.76,2025-01-10,37.740043,127.492151
24,0,BF31,287.76,2025-01-10,37.740043,127.492151
3,0,BF31,287.76,2025-01-10,37.740043,127.492151
4,0,BF31,287.76,2025-01-10,37.740043,127.492151
5,0,BF31,287.76,2025-01-10,37.740043,127.492151
6,0,BF31,287.76,2025-01-10,37.740043,127.492151
7,0,BF31,287.76,2025-01-10,37.740043,127.492151
8,0.32,BF31,287.76,2025-01-10,37.740043,127.492151
10,79.2,BF31,287.76,2025-01-10,37.740043,127.492151
1,0,5588,5145.6,2025-01-10,35.3260742,129.2867124
9,962.28,5588,5145.6,2025-01-10,35.3260742,129.2867124
11,3549.96,5588,5145.6,2025-01-10,35.3260742,129.2867124
12,4021.2,5588,5145.6,2025-01-10,35.3260742,129.2867124
13,4206.24,5588,5145.6,2025-01-10,35.3260742,129.2867124
14,4009.32,5588,5145.6,2025-01-10,35.3260742,129.2867124
15,3498.12,5588,5145.6,2025-01-10,35.3260742,129.2867124
16,2569.32,5588,5145.6,2025-01-10,35.3260742,129.2867124
17,910.8,5588,5145.6,2025-01-10,35.3260742,129.2867124
18,9.72,5588,5145.6,2025-01-10,35.3260742,129.2867124
19,0,5588,5145.6,2025-01-10,35.3260742,129.2867124
2,0,5588,5145.6,2025-01-10,35.3260742,129.2867124
20,0,5588,5145.6,2025-01-10,35.3260742,129.2867124
21,0,5588,5145.6,2025-01-10,35.3260742,129.2867124
22,0,5588,5145.6,2025-01-10,35.3260742,129.2867124
23,0,5588,5145.6,2025-01-10,35.3260742,129.2867124
24,0,5588,5145.6,2025-01-10,35.3260742,129.2867124
3,0,5588,5145.6,2025-01-10,35.3260742,129.2867124
4,0,5588,5145.6,2025-01-10,35.3260742,129.2867124
5,0,5588,5145.6,2025-01-10,35.3260742,129.2867124
6,0,5588,5145.6,2025-01-10,35.3260742,129.2867124
7,0,5588,5145.6,2025-01-10,35.3260742,129.2867124
8,19.44,5588,5145.6,2025-01-10,35.3260742,129.2867124
10,2737.08,5588,5145.6,2025-01-10,35.3260742,129.2867124
